No.,Observed Passband,Photometry Measurement,Uncertainty,Units,Frequency,Flux Density,Upper limit of uncertainty,Lower limit of uncertainty,Upper limit of Flux Density,Lower limit of Flux Density,NED Uncertainty,NED Units,Refcode,Significance,Published frequency,Frequency Mode,Coordinates Targeted,Spatial Mode,Qualifiers,Comments
1,0.01-1 TeV (Fermi),2.59E-12,+/-1.27E-12,erg/cm^2^/s,1.22E26,2.12E-15,1.04E-15,1.04E-15,,,+/-1.04E-15,Jy,2017ApJS..232...18A,1 sigma,0.51 TeV,Broad-band measurement,050.669998 -37.209999 (J2000),From fitting to map,,From reprocessed raw data; NED frequency assigned tomid-point of band in keV
2,0.1-100 GeV (Fermi),6.0E-12,+/-1.2E-12,erg/cm^2^/s,1.21E25,4.96E-14,9.92E-15,9.92E-15,,,+/-9.92E-15,Jy,2012ApJS..199...31N,1 sigma,50.05 GeV,Broad-band measurement,050.600 -37.292 (J2000),Modelled datum,,From new raw data; NED frequency assigned to mid-point ofband in keV
3,2-10 keV (XMM),2.8E-13,,erg/s/cm^2^,1.45E18,1.93E-8,,,,,,Jy,2011MNRAS.413.1206B,no uncertainty reported,6.00 keV,Broad-band measurement,050.672 -37.209 (J2000),Modelled datum,,From reprocessed raw data; NED frequency assigned tomid-point of band in keV
4,0.3-8 keV (XMM),2.4E-14,+/-0.7E-14,erg/s/cm^2^,1.0E18,2.4E-9,7.0E-10,7.0E-10,,,+/-7.00E-10,Jy,2010ApJ...721.1702L,uncertainty,4.15  keV,Broad-band measurement,,Modelled datum,Nuclear flux,From new raw data; NED frequency assigned to mid-point ofband in keV
5,0.3-8 keV (Chandra),1.592E-13,+/-0.64E-14,erg/s/cm^2^,1.0E18,1.59E-8,6.4E-10,6.4E-10,,,+/-6.40E-10,Jy,2011ApJ...731...60G,uncertainty,4.15 keV,Broad-band measurement,03 22 41.7 +37 12 30 (J2000),Flux integrated from map,Nuclear flux,From reprocessed raw data; NED frequency assigned tomid-point of band in keV
6,0.3-8 keV (Chandra),4.07E-13,,erg/s/cm^2^,1.0E18,4.07E-8,,,,,,Jy,2011ApJS..192...10L,no uncertainty reported,4.15 keV,Broad-band measurement,03 22 41.707 -37 12 28.76 (J2000),Flux integrated from map,,From reprocessed raw data; NED frequency assigned tomid-point of band in keV
7,0.3-8 keV (Chandra),3.07E-13,,erg/cm^2^/s,1.0E18,3.07E-8,,,,,,Jy,2016ApJS..224...40W,no uncertainty reported,4.15 keV,Broad-band measurement,,Flux integrated from map,Average flux,From reprocessed raw data; NED frequency assigned tomid-point of band in keV
8,2-7 keV Chandra,1.7973E-14,+/-4.5602E-15,erg/cm^2/s,9.19E17,1.96E-9,4.96E-10,4.96E-10,,,+/-4.96E-10,Jy,2020CSC...C2..0000:,68% confidence,3.8        keV,Broad-band measurement,,Flux in fixed aperture,flux_aper;ext,From new raw data; Uncorrected for known sources in beam
9,2-7 keV Chandra,1.7973E-14,+/-4.5602E-15,erg/cm^2/s,9.19E17,1.96E-9,4.96E-10,4.96E-10,,,+/-4.96E-10,Jy,2020CSC...C2..0000:,68% confidence,3.8        keV,Broad-band measurement,,Flux in fixed aperture,flux_aper_avg;ext,From new raw data; Uncorrected for known sources in beam
10,2-7 keV Chandra,2.0407E-14,+/-4.7704E-15,erg/cm^2/s,9.19E17,2.22E-9,5.19E-10,5.19E-10,,,+/-5.19E-10,Jy,2020CSC...C2..0000:,68% confidence,3.8        keV,Broad-band measurement,,From fitting to map,flux_aper90;ext,From new raw data; Uncorrected for known sources in beam
11,2-7 keV Chandra,2.0407E-14,+/-4.7704E-15,erg/cm^2/s,9.19E17,2.22E-9,5.19E-10,5.19E-10,,,+/-5.19E-10,Jy,2020CSC...C2..0000:,68% confidence,3.8        keV,Broad-band measurement,,From fitting to map,flux_aper90_avg;ext,From new raw data; Uncorrected for known sources in beam
12,0.5-7 keV Chandra,3.7989E-14,+/-3.5819E-15,erg/cm^2/s,5.56E17,6.83E-9,6.44E-10,6.44E-10,,,+/-6.44E-10,Jy,2020CSC...C2..0000:,68% confidence,2.3        keV,Broad-band measurement,,Flux in fixed aperture,flux_aper;ext,From new raw data; Uncorrected for known sources in beam
13,0.5-7 keV Chandra,3.7989E-14,+/-3.5819E-15,erg/cm^2/s,5.56E17,6.83E-9,6.44E-10,6.44E-10,,,+/-6.44E-10,Jy,2020CSC...C2..0000:,68% confidence,2.3        keV,Broad-band measurement,,Flux in fixed aperture,flux_aper_avg;ext,From new raw data; Uncorrected for known sources in beam
14,0.5-7 keV Chandra,3.4523E-14,+/-3.1205E-15,erg/cm^2/s,5.56E17,6.21E-9,5.61E-10,5.61E-10,,,+/-5.61E-10,Jy,2020CSC...C2..0000:,68% confidence,2.3        keV,Broad-band measurement,,From fitting to map,flux_aper90;ext,From new raw data; Uncorrected for known sources in beam
15,0.5-7 keV Chandra,3.4523E-14,+/-3.1205E-15,erg/cm^2/s,5.56E17,6.21E-9,5.61E-10,5.61E-10,,,+/-5.61E-10,Jy,2020CSC...C2..0000:,68% confidence,2.3        keV,Broad-band measurement,,From fitting to map,flux_aper90_avg;ext,From new raw data; Uncorrected for known sources in beam
16,0.2-4 keV (EINSTEIN),1.162E-12,,ergs sec^-1^ cm^-2^,5.25E17,2.22E-7,,,,,,Jy,1992ApJS...80..531F,no uncertainty reported,2.1    keV,Broad-band measurement; synthetic band,03 20 47.2 -37 23 07 (B1950),Flux integrated from map,,From reprocessed raw data; Extinction-corrected for MilkyWay; NED frequency assigned to mid-point of band in keV
17,0.2-4 keV (EINSTEIN),1.986E-12,,ergs sec^-1^ cm^-2^,5.25E17,3.79E-7,,,,,,Jy,1992ApJS...80..531F,no uncertainty reported,2.1    keV,Broad-band measurement; synthetic band,03 20 47 -37 22 53 (B1950),Flux integrated from map,,From reprocessed raw data; Extinction-corrected for MilkyWay; NED frequency assigned to mid-point of band in keV
18,1.2-2 keV Chandra,6.8599E-15,+/-1.3720E-15,erg/cm^2/s,3.77E17,1.82E-9,3.64E-10,3.64E-10,,,+/-3.64E-10,Jy,2020CSC...C2..0000:,68% confidence,1.56       keV,Broad-band measurement,,Flux in fixed aperture,flux_aper;ext,From new raw data; Uncorrected for known sources in beam
19,1.2-2 keV Chandra,6.8599E-15,+/-1.3720E-15,erg/cm^2/s,3.77E17,1.82E-9,3.64E-10,3.64E-10,,,+/-3.64E-10,Jy,2020CSC...C2..0000:,68% confidence,1.56       keV,Broad-band measurement,,Flux in fixed aperture,flux_aper_avg;ext,From new raw data; Uncorrected for known sources in beam
20,1.2-2 keV Chandra,6.569E-15,+/-1.2138E-15,erg/cm^2/s,3.77E17,1.74E-9,3.22E-10,3.22E-10,,,+/-3.22E-10,Jy,2020CSC...C2..0000:,68% confidence,1.56       keV,Broad-band measurement,,From fitting to map,flux_aper90;ext,From new raw data; Uncorrected for known sources in beam
21,1.2-2 keV Chandra,6.569E-15,+/-1.2138E-15,erg/cm^2/s,3.77E17,1.74E-9,3.22E-10,3.22E-10,,,+/-3.22E-10,Jy,2020CSC...C2..0000:,68% confidence,1.56       keV,Broad-band measurement,,From fitting to map,flux_aper90_avg;ext,From new raw data; Uncorrected for known sources in beam
22,0.1-2.4 keV (ROSAT),2.44E-12,+/-3.88E-13,ergs sec^-1^ cm^-2^,3.25E17,7.51E-7,1.19E-7,1.19E-7,,,+/-1.19E-07,Jy,1994A&A...281..355B,based on count statistics only,1.3   keV,Broad-band measurement; synthetic band,,Flux integrated from map,,From new raw data; Extinction-corrected for Milky Way
23,0.5-2.0 keV Chandra,-12.07,+/-0.006,log(erg/cm^2^/s),3.02E17,2.82E-7,3.89E-9,3.89E-9,,,+/-3.89E-09,Jy,2018ApJ...857...32B,uncertainty,1.25 keV,Broad-band measurement,240.1627 -56.6898 (J2000),Modelled datum,,From reprocessed raw data; NED frequency assigned tomid-point of band in keV
24,0.5-1.2 keV Chandra,1.368E-14,+/-1.7292E-15,erg/cm^2/s,2.22E17,6.15E-9,7.77E-10,7.77E-10,,,+/-7.77E-10,Jy,2020CSC...C2..0000:,68% confidence,0.92       keV,Broad-band measurement,,Flux in fixed aperture,flux_aper;ext,From new raw data; Uncorrected for known sources in beam
25,0.5-1.2 keV Chandra,1.368E-14,+/-1.7292E-15,erg/cm^2/s,2.22E17,6.15E-9,7.77E-10,7.77E-10,,,+/-7.77E-10,Jy,2020CSC...C2..0000:,68% confidence,0.92       keV,Broad-band measurement,,Flux in fixed aperture,flux_aper_avg;ext,From new raw data; Uncorrected for known sources in beam
26,0.5-1.2 keV Chandra,1.1688E-14,+/-1.5206E-15,erg/cm^2/s,2.22E17,5.25E-9,6.84E-10,6.84E-10,,,+/-6.84E-10,Jy,2020CSC...C2..0000:,68% confidence,0.92       keV,Broad-band measurement,,From fitting to map,flux_aper90;ext,From new raw data; Uncorrected for known sources in beam
27,0.5-1.2 keV Chandra,1.1688E-14,+/-1.5206E-15,erg/cm^2/s,2.22E17,5.25E-9,6.84E-10,6.84E-10,,,+/-6.84E-10,Jy,2020CSC...C2..0000:,68% confidence,0.92       keV,Broad-band measurement,,From fitting to map,flux_aper90_avg;ext,From new raw data; Uncorrected for known sources in beam
28,0.2-0.5 keV Chandra,2.2921E-15,+/-8.5393E-16,erg/cm^2/s,9.67E16,2.37E-9,8.83E-10,8.83E-10,,,+/-8.83E-10,Jy,2020CSC...C2..0000:,68% confidence,0.4        keV,Broad-band measurement,,Flux in fixed aperture,flux_aper;ext,From new raw data; Uncorrected for known sources in beam
29,0.2-0.5 keV Chandra,2.2921E-15,+/-8.5393E-16,erg/cm^2/s,9.67E16,2.37E-9,8.83E-10,8.83E-10,,,+/-8.83E-10,Jy,2020CSC...C2..0000:,68% confidence,0.4        keV,Broad-band measurement,,Flux in fixed aperture,flux_aper_avg;ext,From new raw data; Uncorrected for known sources in beam
30,0.2-0.5 keV Chandra,1.9883E-15,+/-7.8113E-16,erg/cm^2/s,9.67E16,2.06E-9,8.08E-10,8.08E-10,,,+/-8.08E-10,Jy,2020CSC...C2..0000:,68% confidence,0.4        keV,Broad-band measurement,,From fitting to map,flux_aper90;ext,From new raw data; Uncorrected for known sources in beam
31,0.2-0.5 keV Chandra,1.9883E-15,+/-7.8113E-16,erg/cm^2/s,9.67E16,2.06E-9,8.08E-10,8.08E-10,,,+/-8.08E-10,Jy,2020CSC...C2..0000:,68% confidence,0.4        keV,Broad-band measurement,,From fitting to map,flux_aper90_avg;ext,From new raw data; Uncorrected for known sources in beam
33,FUV (GALEX) AB,15.33,+/-0.02,mag,1.98E15,0.00268,4.94E-5,4.94E-5,,,+/-4.94E-05,Jy,2007ApJS..173..185G,uncertainty,1516 A,Broad-band measurement,03 22 41.7 -37 12 29.6 (J2000),Total flux,,From new raw data
34,FUV (GALEX) AB,15.071,+/-0.056,mag,1.98E15,0.0034,1.75E-4,1.75E-4,,,+/-1.75E-04,Jy,2009ApJ...703.1569M,statistical error,1516 A,Broad-band measurement,03 22 41.7 -37 12 29.6 (J2000),Flux in fixed aperture,Asymptotic magnitude,From reprocessed raw data; Extinction-corrected for Milky Way
35,FUV (GALEX),3.13,+/-0.44,milliJy,1.96E15,0.00313,4.4E-4,4.4E-4,,,+/-4.40E-04,Jy,2007ApJ...655..863D,uncertainty,1528   A,Broad-band measurement,03 22 41.2 -37 12 10 (J2000),Flux integrated from map,,From new raw data; Extinction-corrected for Milky Way
36,FUV (GALEX),15.58,+/-0.11,mag,1.95E15,3.05E-4,3.09E-5,3.09E-5,,,+/-3.09E-05,Jy,2015ApJS..220....6B,uncertainty,1539 A,Broad-band measurement,03 22 41.736 -37 12 29.56 (J2000),Flux in fixed aperture,Asymptotic magnitude,From reprocessed raw data
37,FUV (GALEX),15.37,+/-0.01,mag,1.95E15,3.7E-4,3.41E-6,3.41E-6,,,+/-3.41E-06,Jy,2015ApJS..220....6B,uncertainty,1539 A,Broad-band measurement,03 22 41.736 -37 12 29.56 (J2000),Flux in fixed aperture,D25 magnitude,From reprocessed raw data
38,FUV (GALEX) AB,15.99,,mag,1.95E15,0.00146,,,,,,Jy,2016ApJ...818..182V,no uncertainty reported,1539 A,Broad-band measurement,03 22 41.710 -37 12 28.70 (J2000),Total flux,,From reprocessed raw data
39,FUV (GALEX) AB,15.8368,+/-0.0286771,mag,1.95E15,0.00168,4.44E-5,4.44E-5,,,+/-4.44E-05,Jy,2012GASC..C...0000S,uncertainty,1538.6     A,Broad-band measurement,50.674392345154 -37.20800757318 (J2000),Flux integrated from map,Kron flux in elliptical aperture,From new raw data
40,FUV (GALEX) AB,19.7805,+/-0.156358,mag,1.95E15,4.44E-5,6.4E-6,6.4E-6,,,+/-6.40E-06,Jy,2012GASC..C...0000S,uncertainty,1538.6     A,Broad-band measurement,50.674392345154 -37.20800757318 (J2000),Flux in fixed aperture,Flux in 7.5 arcsec diameter aperture,From new raw data
41,FUV (GALEX) AB,15.32,+/-0.006,mag,1.92E15,0.0027,1.49E-5,1.49E-5,,,+/-1.49E-05,Jy,2007ApJS..173..597D,uncertainty,1565 A,Broad-band measurement,,Flux in fixed aperture,12.3' elliptical aperture,From new raw data; Extinction-corrected for Milky Way
42,UV_1650 (m_T),13.58,+/-0.22,mag,1.82E15,0.00122,2.74E-4,2.74E-4,,,+/-2.74E-04,Jy,1995A&AS..114..527R,mean error,1650       A,Broad-band measurement; broad-band flux derived by integration over spectrum; synthetic band,032047 -372306 (B1950),Multiple methods,,Homogenized from previously published data
43,NUV (GALEX),16.58,+/-2.30,milliJy,1.32E15,0.0166,0.0023,0.0023,,,+/-2.30E-03,Jy,2007ApJ...655..863D,uncertainty,2271   A,Broad-band measurement,03 22 41.2 -37 12 10 (J2000),Flux integrated from map,,From new raw data; Extinction-corrected for Milky Way
44,NUV (GALEX) AB,13.52,+/-0.01,mag,1.32E15,0.0142,1.31E-4,1.31E-4,,,+/-1.31E-04,Jy,2007ApJS..173..185G,uncertainty,2267 A,Broad-band measurement,03 22 41.7 -37 12 29.6 (J2000),Total flux,,From new raw data
45,NUV (GALEX) AB,13.079,+/-0.026,mag,1.32E15,0.0213,5.1E-4,5.1E-4,,,+/-5.10E-04,Jy,2009ApJ...703.1569M,statistical error,2267 A,Broad-band measurement,03 22 41.7 -37 12 29.6 (J2000),Flux in fixed aperture,Asymptotic magnitude,From reprocessed raw data; Extinction-corrected for Milky Way
46,NUV (GALEX) AB,13.58,+/-0.001,mag,1.3E15,0.0134,1.24E-5,1.24E-5,,,+/-1.24E-05,Jy,2007ApJS..173..597D,uncertainty,2301 A,Broad-band measurement,,Flux in fixed aperture,12.3' elliptical aperture,From new raw data; Extinction-corrected for Milky Way
47,NUV (GALEX) AB,14.1196,+/-0.00665036,mag,1.29E15,0.00817,5.0E-5,5.0E-5,,,+/-5.00E-05,Jy,2012GASC..C...0000S,uncertainty,2315.7     A,Broad-band measurement,50.674392345154 -37.20800757318 (J2000),Flux integrated from map,Kron flux in elliptical aperture,From new raw data
48,NUV (GALEX) AB,18.3291,+/-0.0470893,mag,1.29E15,1.69E-4,7.34E-6,7.34E-6,,,+/-7.34E-06,Jy,2012GASC..C...0000S,uncertainty,2315.7     A,Broad-band measurement,50.674392345154 -37.20800757318 (J2000),Flux in fixed aperture,Flux in 7.5 arcsec diameter aperture,From new raw data
49,NUV (GALEX),13.86,+/-0.05,mag,1.29E15,0.00225,1.04E-4,1.04E-4,,,+/-1.04E-04,Jy,2015ApJS..220....6B,uncertainty,2316 A,Broad-band measurement,03 22 41.736 -37 12 29.56 (J2000),Flux in fixed aperture,Asymptotic magnitude,From reprocessed raw data
50,NUV (GALEX),13.85,+/-0.01,mag,1.29E15,0.00227,2.1E-5,2.1E-5,,,+/-2.10E-05,Jy,2015ApJS..220....6B,uncertainty,2316 A,Broad-band measurement,03 22 41.736 -37 12 29.56 (J2000),Flux in fixed aperture,D25 magnitude,From reprocessed raw data
51,NUV (GALEX) AB,14.12,,mag,1.29E15,0.00817,,,,,,Jy,2016ApJ...818..182V,no uncertainty reported,2316 A,Broad-band measurement,03 22 41.710 -37 12 28.70 (J2000),Total flux,,From reprocessed raw data
52,UV_2500 (m_T),12.3,+/-0.24,mag,1.2E15,0.0091,0.00225,0.00225,,,+/-2.25E-03,Jy,1995A&AS..114..527R,mean error,2500       A,Broad-band measurement; broad-band flux derived by integration over spectrum; synthetic band,032047 -372306 (B1950),Multiple methods,,Homogenized from previously published data
53,UV_3150 (m_T),10.5,+/-0.14,mag,9.52E14,0.0758,0.0104,0.0104,,,+/-1.04E-02,Jy,1995A&AS..114..527R,mean error,3150       A,Broad-band measurement; broad-band flux derived by integration over spectrum; synthetic band,032047 -372306 (B1950),Multiple methods,,Homogenized from previously published data
54,U (U_T^0),9.8,,mag,8.19E14,0.218,,,,,,Jy,1991RC3.9.C...0000d,no uncertainty reported,3660       A,Broad-band measurement,032047.0 -372306 (B1950),Multiple methods,,Homogenized from new and previously published data;Extinction-corrected for internal and Milky Way and K-correction applied; Standard Johnson UBVRI filters assumed
55,U (U_T),9.81,+/-0.09,mag,8.19E14,0.216,0.0177,0.0177,,,+/-1.77E-02,Jy,1991RC3.9.C...0000d,rms uncertainty,3660       A,Broad-band measurement,032047.0 -372306 (B1950),Multiple methods,,Homogenized from new and previously published data; StandardJohnson UBVRI filters assumed
57,B (m_B),9.44,+/-0.15,mag,6.81E14,0.714,0.106,0.106,,,+/-1.06E-01,Jy,1991RC3.9.C...0000d,rms uncertainty,4400       A,Broad-band measurement,032047.0 -372306 (B1950),Multiple methods,,Homogenized from new and previously published data; StandardJohnson UBVRI filters assumed
58,B (B_T),9.42,+/-0.08,mag,6.81E14,0.727,0.0556,0.0556,,,+/-5.56E-02,Jy,1991RC3.9.C...0000d,rms uncertainty,4400       A,Broad-band measurement,032047.0 -372306 (B1950),Multiple methods,,Homogenized from new and previously published data; StandardJohnson UBVRI filters assumed
59,B (Cousins) (B_T),9.15,+/-0.09,mag,6.81E14,0.929,0.0803,0.0803,,,+/-8.03E-02,Jy,1989ESOLV.C...0000L,typical accuracy,4400       A,Broad-band measurement; photometric system transformed,032047 -3723.2 (B1950),Modelled datum,See ESO-LV catalog for warning flag.,From new raw data
60,B (Cousins) (B_25),9.35,+/-0.09,mag,6.81E14,0.775,0.067,0.067,,,+/-6.70E-02,Jy,1989ESOLV.C...0000L,typical accuracy,4400       A,Broad-band measurement; photometric system transformed,032047 -3723.2 (B1950),Modelled datum,See ESO-LV catalog for warning flag.,From new raw data
61,B (B_T^0),9.4,,mag,6.81E14,0.74,,,,,,Jy,1991RC3.9.C...0000d,no uncertainty reported,4400       A,Broad-band measurement,032047.0 -372306 (B1950),Multiple methods,,Homogenized from new and previously published data;Extinction-corrected for internal and Milky Way and K-correction applied; Standard Johnson UBVRI filters assumed
62,B (Cousins) (B_26),9.25,+/-0.09,mag,6.81E14,0.852,0.0737,0.0737,,,+/-7.37E-02,Jy,1989ESOLV.C...0000L,typical accuracy,4400       A,Broad-band measurement; photometric system transformed,032047 -3723.2 (B1950),Modelled datum,See ESO-LV catalog for warning flag.,From new raw data
63,B,0.79,,Jy,6.66E14,0.79,,,,,,Jy,2007ApJ...655..863D,no uncertainty reported,0.45   microns,Broad-band measurement,03 22 41.2 -37 12 10 (J2000),Total flux,,From new raw data; Extinction-corrected for Milky Way
65,F555W (WFPC2),19.9,,mag,5.55E14,4.09E-5,,,,,,Jy,2005AJ....129.2138L,no uncertainty reported,5397   A,Broad-band measurement,,Total flux,nuclear magnitude only,From new raw data; Extinction-corrected for Milky Way
66,V,1.61,,Jy,5.45E14,1.61,,,,,,Jy,2007ApJ...655..863D,no uncertainty reported,0.55   microns,Broad-band measurement,03 22 41.2 -37 12 10 (J2000),Total flux,,From new raw data; Extinction-corrected for Milky Way
67,V (Johnson),9.98,+/-0.02,mag,5.42E14,0.371,0.00689,0.00689,,,+/-6.89E-03,Jy,1979ApJS...39...61P,uncertainty,5530   A,Broad-band measurement,,Flux in fixed aperture,"60.9"" aperture",From new raw data
68,V (Johnson),10.34,+/-0.02,mag,5.42E14,0.266,0.00495,0.00495,,,+/-4.95E-03,Jy,1979ApJS...39...61P,uncertainty,5530   A,Broad-band measurement,,Flux in fixed aperture,"40.3"" aperture",From new raw data
69,V (Johnson),10.78,+/-0.02,mag,5.42E14,0.178,0.0033,0.0033,,,+/-3.30E-03,Jy,1979ApJS...39...61P,uncertainty,5530   A,Broad-band measurement,,Flux in fixed aperture,"25.9"" aperture",From new raw data
70,V (Johnson),12.78,+/-0.01,mag,5.42E14,0.0281,2.6E-4,2.6E-4,,,+/-2.60E-04,Jy,1980ApJ...237..303S,uncertainty,5530   A,Broad-band measurement,,Flux in fixed aperture,"4.07"" aperture",From new raw data; derived from a flux in a different bandand a color
71,V (Johnson),8.93,,mag,5.42E14,0.975,,,,,,Jy,1988VIrPh.C...0000d,no uncertainty reported,5530   A,Broad-band measurement,,Flux in fixed aperture,"261.9"" aperture",From new raw data
72,V (Johnson),9.34,,mag,5.42E14,0.668,,,,,,Jy,1988VIrPh.C...0000d,no uncertainty reported,5530   A,Broad-band measurement,,Flux in fixed aperture,"140.7"" aperture;Low quality data",From new raw data
73,V (Johnson),9.43,+/-0.02,mag,5.42E14,0.615,0.0114,0.0114,,,+/-1.14E-02,Jy,1979ApJS...39...61P,uncertainty,5530   A,Broad-band measurement,,Flux in fixed aperture,"119.1"" aperture",From new raw data
74,V (Johnson),9.64,+/-0.02,mag,5.42E14,0.507,0.00943,0.00943,,,+/-9.43E-03,Jy,1979ApJS...39...61P,uncertainty,5530   A,Broad-band measurement,,Flux in fixed aperture,"90.4"" aperture",From new raw data
75,V (Johnson),10.05,+/-0.03,mag,5.42E14,0.348,0.00974,0.00974,,,+/-9.74E-03,Jy,1975ApJ...202..563S,uncertainty,5530   A,Broad-band measurement; photometric system transformed,,Flux in fixed aperture,"54.3"" aperture",From new raw data
76,V (Johnson),10.43,+/-0.03,mag,5.42E14,0.245,0.00686,0.00686,,,+/-6.86E-03,Jy,1975ApJ...202..563S,uncertainty,5530   A,Broad-band measurement; photometric system transformed,,Flux in fixed aperture,"35.6"" aperture",From new raw data
77,V (Johnson),9.98,+/-0.02,mag,5.42E14,0.371,0.00689,0.00689,,,+/-6.89E-03,Jy,1978ApJ...223..707S,uncertainty,5530   A,Broad-band measurement,,Flux in fixed aperture,"59.5"" aperture",From new raw data
78,V (Johnson),10.59,+/-0.02,mag,5.42E14,0.211,0.00393,0.00393,,,+/-3.93E-03,Jy,1978ApJ...223..707S,uncertainty,5530   A,Broad-band measurement,,Flux in fixed aperture,"29.8"" aperture",From new raw data
79,V (Johnson),9.7,+/-0.03,mag,5.42E14,0.48,0.0134,0.0134,,,+/-1.34E-02,Jy,1975ApJ...202..563S,uncertainty,5530   A,Broad-band measurement; photometric system transformed,,Flux in fixed aperture,"81.2"" aperture",From new raw data
80,V (Johnson),9.5,+/-0.03,mag,5.42E14,0.577,0.0162,0.0162,,,+/-1.62E-02,Jy,1975ApJ...202..563S,uncertainty,5530   A,Broad-band measurement; photometric system transformed,,Flux in fixed aperture,"107.8"" aperture",From new raw data
81,V (Johnson),10.6,+/-0.02,mag,5.42E14,0.21,0.00389,0.00389,,,+/-3.89E-03,Jy,1978ApJ...223..707S,uncertainty,5530   A,Broad-band measurement,,Flux in fixed aperture,"29.8"" aperture",From new raw data
82,V (Johnson),9.59,+/-0.02,mag,5.42E14,0.531,0.00987,0.00987,,,+/-9.87E-03,Jy,1978ApJ...223..707S,uncertainty,5530   A,Broad-band measurement,,Flux in fixed aperture,"83.7"" aperture",From new raw data
83,V (Johnson),11.29,+/-0.02,mag,5.42E14,0.111,0.00206,0.00206,,,+/-2.06E-03,Jy,1978ApJ...223..707S,uncertainty,5530   A,Broad-band measurement,,Flux in fixed aperture,"14.8"" aperture",From new raw data
84,V (Johnson),9.97,+/-0.02,mag,5.42E14,0.374,0.00696,0.00696,,,+/-6.96E-03,Jy,1978ApJ...223..707S,uncertainty,5530   A,Broad-band measurement,,Flux in fixed aperture,"59.5"" aperture",From new raw data
85,V (V_T),8.53,+/-0.08,mag,5.42E14,1.41,0.109,0.109,,,+/-1.09E-01,Jy,1991RC3.9.C...0000d,rms uncertainty,5530       A,Broad-band measurement,032047.0 -372306 (B1950),Multiple methods,,Homogenized from new and previously published data; StandardJohnson UBVRI filters assumed
86,V (V_T^0),8.53,,mag,5.42E14,1.41,,,,,,Jy,1991RC3.9.C...0000d,no uncertainty reported,5530       A,Broad-band measurement,032047.0 -372306 (B1950),Multiple methods,,Homogenized from new and previously published data;Extinction-corrected for internal and Milky Way and K-correction applied; Standard Johnson UBVRI filters assumed
87,R (Cousins) (R_25),7.91,+/-0.09,mag,4.68E14,2.11,0.183,0.183,,,+/-1.83E-01,Jy,1989ESOLV.C...0000L,typical accuracy,6400       A,Broad-band measurement; photometric system transformed,032047 -3723.2 (B1950),Modelled datum,See ESO-LV catalog for warning flag.,From new raw data
88,R (Cousins) (R_26),7.8,+/-0.09,mag,4.68E14,2.34,0.202,0.202,,,+/-2.02E-01,Jy,1989ESOLV.C...0000L,typical accuracy,6400       A,Broad-band measurement; photometric system transformed,032047 -3723.2 (B1950),Modelled datum,See ESO-LV catalog for warning flag.,From new raw data
89,R (Cousins) (R_T),7.66,+/-0.09,mag,4.68E14,2.65,0.229,0.229,,,+/-2.29E-01,Jy,1989ESOLV.C...0000L,typical accuracy,6400       A,Broad-band measurement; photometric system transformed,032047 -3723.2 (B1950),Modelled datum,See ESO-LV catalog for warning flag.,From new raw data
92,R,1.58,,Jy,4.54E14,1.58,,,,,,Jy,2007ApJ...655..863D,no uncertainty reported,0.66   microns,Broad-band measurement,03 22 41.2 -37 12 10 (J2000),Total flux,,From new raw data; Extinction-corrected for Milky Way
93,R' (Johnson),8.39,,mag,4.48E14,1.23,,,,,,Jy,1988VIrPh.C...0000d,no uncertainty reported,6690   A,Broad-band measurement,,Flux in fixed aperture,"261.9"" aperture",From new raw data
94,R' (Johnson),8.74,,mag,4.48E14,0.887,,,,,,Jy,1988VIrPh.C...0000d,no uncertainty reported,6690   A,Broad-band measurement,,Flux in fixed aperture,"140.7"" aperture",From new raw data
97,r,10.04,+/-0.02,mag,4.45E14,0.268,0.00498,0.00498,,,+/-4.98E-03,Jy,1978ApJ...223..707S,uncertainty,6738   A,Broad-band measurement,,Flux in fixed aperture,"29.8"" aperture",From new raw data; derived from a flux in a different bandand a color
98,r,10.73,+/-0.02,mag,4.45E14,0.142,0.00264,0.00264,,,+/-2.64E-03,Jy,1978ApJ...223..707S,uncertainty,6738   A,Broad-band measurement,,Flux in fixed aperture,"14.8"" aperture",From new raw data; derived from a flux in a different bandand a color
99,r,9.05,+/-0.02,mag,4.45E14,0.667,0.0124,0.0124,,,+/-1.24E-02,Jy,1978ApJ...223..707S,uncertainty,6738   A,Broad-band measurement,,Flux in fixed aperture,"83.7"" aperture",From new raw data; derived from a flux in a different bandand a color
100,r,9.42,+/-0.02,mag,4.45E14,0.474,0.00882,0.00882,,,+/-8.82E-03,Jy,1978ApJ...223..707S,uncertainty,6738   A,Broad-band measurement,,Flux in fixed aperture,"59.5"" aperture",From new raw data; derived from a flux in a different bandand a color
101,r,9.43,+/-0.02,mag,4.45E14,0.47,0.00874,0.00874,,,+/-8.74E-03,Jy,1978ApJ...223..707S,uncertainty,6738   A,Broad-band measurement,,Flux in fixed aperture,"59.5"" aperture",From new raw data; derived from a flux in a different bandand a color
102,R (Johnson),8.56,+/-0.03,mag,4.28E14,1.05,0.0293,0.0293,,,+/-2.93E-02,Jy,1979ApJS...39...61P,uncertainty,7000   A,Broad-band measurement,,Flux in fixed aperture,"119.1"" aperture",From new raw data; derived from a flux in a different bandand a color
103,R (Johnson),11.87,+/-0.02,mag,4.28E14,0.0497,9.23E-4,9.23E-4,,,+/-9.23E-04,Jy,1980ApJ...237..303S,uncertainty,7000   A,Broad-band measurement,,Flux in fixed aperture,"4.07"" aperture",From new raw data; derived from a flux in a different bandand a color
104,R (Johnson),9.51,+/-0.03,mag,4.28E14,0.437,0.0122,0.0122,,,+/-1.22E-02,Jy,1975ApJ...202..563S,uncertainty,7000   A,Broad-band measurement; photometric system transformed,,Flux in fixed aperture,"35.6"" aperture",From new raw data; derived from a flux in a different bandand a color
105,R (Johnson),9.16,+/-0.03,mag,4.28E14,0.603,0.0169,0.0169,,,+/-1.69E-02,Jy,1975ApJ...202..563S,uncertainty,7000   A,Broad-band measurement; photometric system transformed,,Flux in fixed aperture,"54.3"" aperture",From new raw data; derived from a flux in a different bandand a color
106,R (Johnson),8.82,+/-0.03,mag,4.28E14,0.824,0.0231,0.0231,,,+/-2.31E-02,Jy,1975ApJ...202..563S,uncertainty,7000   A,Broad-band measurement; photometric system transformed,,Flux in fixed aperture,"81.2"" aperture",From new raw data; derived from a flux in a different bandand a color
107,R (Johnson),9.09,+/-0.03,mag,4.28E14,0.643,0.018,0.018,,,+/-1.80E-02,Jy,1979ApJS...39...61P,uncertainty,7000   A,Broad-band measurement,,Flux in fixed aperture,"60.9"" aperture",From new raw data; derived from a flux in a different bandand a color
108,R (Johnson),8.62,+/-0.03,mag,4.28E14,0.991,0.0278,0.0278,,,+/-2.78E-02,Jy,1975ApJ...202..563S,uncertainty,7000   A,Broad-band measurement; photometric system transformed,,Flux in fixed aperture,"107.8"" aperture",From new raw data; derived from a flux in a different bandand a color
109,R (Johnson),9.88,+/-0.03,mag,4.28E14,0.31,0.0087,0.0087,,,+/-8.70E-03,Jy,1979ApJS...39...61P,uncertainty,7000   A,Broad-band measurement,,Flux in fixed aperture,"25.9"" aperture",From new raw data; derived from a flux in a different bandand a color
110,I' (Johnson),8.16,,mag,3.75E14,1.22,,,,,,Jy,1988VIrPh.C...0000d,no uncertainty reported,8000   A,Broad-band measurement,,Flux in fixed aperture,"140.7"" aperture",From new raw data
111,I' (Johnson),7.8,,mag,3.75E14,1.7,,,,,,Jy,1988VIrPh.C...0000d,no uncertainty reported,8000   A,Broad-band measurement,,Flux in fixed aperture,"261.9"" aperture",From new raw data
112,I,1.73,,Jy,3.7E14,1.73,,,,,,Jy,2007ApJ...655..863D,no uncertainty reported,0.81   microns,Broad-band measurement,03 22 41.2 -37 12 10 (J2000),Total flux,,From new raw data; Extinction-corrected for Milky Way
113,J (RGO),8.08,+/-0.08,mag,2.5E14,0.961,0.0735,0.0735,,,+/-7.35E-02,Jy,1973MNRAS.164..155G,uncertainty,1.2 microns,Broad-band measurement,,Flux in fixed aperture,"37.8"" aperture",From new raw data
114,J (RGO),9.18,+/-0.10,mag,2.5E14,0.349,0.0337,0.0337,,,+/-3.37E-02,Jy,1973MNRAS.164..155G,uncertainty,1.2 microns,Broad-band measurement,,Flux in fixed aperture,"12"" aperture",From new raw data
115,J (RGO),8.27,+/-0.08,mag,2.5E14,0.807,0.0617,0.0617,,,+/-6.17E-02,Jy,1973MNRAS.164..155G,uncertainty,1.2 microns,Broad-band measurement,,Flux in fixed aperture,"25.2"" aperture",From new raw data
116,J (RGO),8.54,+/-0.07,mag,2.5E14,0.629,0.0419,0.0419,,,+/-4.19E-02,Jy,1973MNRAS.164..155G,uncertainty,1.2 microns,Broad-band measurement,,Flux in fixed aperture,"25.2"" aperture",From new raw data
117,J (2MASS/CTIO),10.329,+/-0.104,mag,2.43E14,0.118,0.0113,0.0113,,,+/-1.13E-02,Jy,2006AJ....131.1163S,uncertainty,1.235      microns,Broad-band measurement,,Flux in fixed aperture,Profile-fit; Poor quality,From new raw data
118,J (2MASS/CTIO),9.58,+/-0.005,mag,2.43E14,0.235,0.00108,0.00108,,,+/-1.08E-03,Jy,2006AJ....131.1163S,uncertainty,1.235      microns,Broad-band measurement,,Flux in fixed aperture,"4"" aperture",From new raw data
119,F_J (total),3.79,+/-3.20,log milliJy,2.41E14,6.17,1.6,1.6,,,+/-1.60E+00,Jy,1995ApJ...453..616S,1 sigma,1.244      microns,Broad-band measurement,,Corrected to total flux from single aperture measurement,,Homogenized from new and previously published data
120,J_14arcsec (2MASS),8.863,+/-0.015,mag,2.4E14,0.454,0.00631,0.00631,,,+/-6.31E-03,Jy,20032MASX.C.......:,1 sigma uncert.,1.25      microns,Broad-band measurement,032241.79 -371229.5 (J2000),Flux in fixed aperture,14.0 x 14.0 arcsec aperture,From new raw data
121,J_20 (2MASS LGA),6.565,+/-0.015,mag,2.4E14,3.77,0.0524,0.0524,,,+/-5.24E-02,Jy,2003AJ....125..525J,1 sigma uncert.,1.25      microns,Broad-band measurement,032241.79 -371229.5 (J2000),Flux integrated from map,332.0 x  239.0 arcsec integration area.,From new raw data; Corrected for contaminating sources
122,J_tot (2MASS LGA),6.445,+/-0.017,mag,2.4E14,4.21,0.0664,0.0664,,,+/-6.64E-02,Jy,2003AJ....125..525J,1 sigma uncert.,1.25      microns,Broad-band measurement,032241.79 -371229.5 (J2000),Total flux,,From new raw data
123,J_Kron (2MASS LGA),6.572,+/-0.015,mag,2.4E14,3.74,0.0521,0.0521,,,+/-5.21E-02,Jy,2003AJ....125..525J,1 sigma uncert.,1.25      microns,Broad-band measurement,032241.79 -371229.5 (J2000),Flux integrated from map,324.8 x  233.9 arcsec integration area.,From new raw data; Corrected for contaminating sources
124,J (CIT),8.23,+/-0.03,mag,2.4E14,0.776,0.0217,0.0217,,,+/-2.17E-02,Jy,1979ApJS...39...61P,uncertainty,1.25    microns,Broad-band measurement,,Flux in fixed aperture,"28.7"" aperture",From new raw data; derived from a flux in a different bandand a color
125,J (CIT),7.66,+/-0.03,mag,2.4E14,1.31,0.0368,0.0368,,,+/-3.68E-02,Jy,1979ApJS...39...61P,uncertainty,1.25    microns,Broad-band measurement,,Flux in fixed aperture,"55.9"" aperture",From new raw data; derived from a flux in a different bandand a color
126,J (AAO),8.26,+/-0.03,mag,2.4E14,0.796,0.0223,0.0223,,,+/-2.23E-02,Jy,1982MNRAS.200..509J,uncertainty,1.25    microns,Broad-band measurement,,Flux in fixed aperture,"30"" aperture",From new raw data; derived from a flux in a different bandand a color
127,F_H (total),3.91,+/-3.32,log milliJy,1.84E14,8.13,2.1,2.1,,,+/-2.10E+00,Jy,1995ApJ...453..616S,1 sigma,1.634      microns,Broad-band measurement,,Corrected to total flux from single aperture measurement,,Homogenized from new and previously published data
128,H (RGO),7.32,+/-0.07,mag,1.83E14,1.22,0.081,0.081,,,+/-8.10E-02,Jy,1973MNRAS.164..155G,uncertainty,1.64 microns,Broad-band measurement,,Flux in fixed aperture,"37.8"" aperture",From new raw data
129,H (RGO),8.64,+/-0.09,mag,1.83E14,0.36,0.0312,0.0312,,,+/-3.12E-02,Jy,1973MNRAS.164..155G,uncertainty,1.64 microns,Broad-band measurement,,Flux in fixed aperture,"12"" aperture",From new raw data
130,H (RGO),7.51,+/-0.07,mag,1.83E14,1.02,0.068,0.068,,,+/-6.80E-02,Jy,1973MNRAS.164..155G,uncertainty,1.64 microns,Broad-band measurement,,Flux in fixed aperture,"25.2"" aperture",From new raw data
131,H (RGO),7.68,+/-0.04,mag,1.83E14,0.873,0.0328,0.0328,,,+/-3.28E-02,Jy,1973MNRAS.164..155G,uncertainty,1.64 microns,Broad-band measurement,,Flux in fixed aperture,"25.2"" aperture",From new raw data
132,H_Kron (2MASS LGA),5.965,+/-0.015,mag,1.82E14,4.21,0.0586,0.0586,,,+/-5.86E-02,Jy,2003AJ....125..525J,1 sigma uncert.,1.65      microns,Broad-band measurement,032241.79 -371229.5 (J2000),Flux integrated from map,324.8 x  233.9 arcsec integration area.,From new raw data; Corrected for contaminating sources
133,H_14arcsec (2MASS),8.181,+/-0.015,mag,1.82E14,0.547,0.00761,0.00761,,,+/-7.61E-03,Jy,20032MASX.C.......:,1 sigma uncert.,1.65      microns,Broad-band measurement,032241.79 -371229.5 (J2000),Flux in fixed aperture,14.0 x 14.0 arcsec aperture,From new raw data
134,H_tot (2MASS LGA),5.872,+/-0.018,mag,1.82E14,4.59,0.0767,0.0767,,,+/-7.67E-02,Jy,2003AJ....125..525J,1 sigma uncert.,1.65      microns,Broad-band measurement,032241.79 -371229.5 (J2000),Total flux,,From new raw data
135,H_20 (2MASS LGA),5.959,+/-0.015,mag,1.82E14,4.23,0.0589,0.0589,,,+/-5.89E-02,Jy,2003AJ....125..525J,1 sigma uncert.,1.65      microns,Broad-band measurement,032241.79 -371229.5 (J2000),Flux integrated from map,332.0 x  239.0 arcsec integration area.,From new raw data; Corrected for contaminating sources
136,H (CIT),6.94,+/-0.03,mag,1.82E14,1.64,0.046,0.046,,,+/-4.60E-02,Jy,1979ApJS...39...61P,uncertainty,1.65    microns,Broad-band measurement,,Flux in fixed aperture,"55.9"" aperture",From new raw data; derived from a flux in a different bandand a color
137,H (CIT),7.56,+/-0.03,mag,1.82E14,0.927,0.026,0.026,,,+/-2.60E-02,Jy,1979ApJS...39...61P,uncertainty,1.65    microns,Broad-band measurement,,Flux in fixed aperture,"28.7"" aperture",From new raw data; derived from a flux in a different bandand a color
138,H (MSO),7.58,+/-0.05,mag,1.82E14,0.999,0.0471,0.0471,,,+/-4.71E-02,Jy,1982MNRAS.200..509J,uncertainty,1.65    microns,Broad-band measurement,,Flux in fixed aperture,"30"" aperture",From new raw data; derived from a flux in a different bandand a color
139,H (2MASS/CTIO),9.702,+/-0.12,mag,1.8E14,0.135,0.0149,0.0149,,,+/-1.49E-02,Jy,2006AJ....131.1163S,uncertainty,1.662      microns,Broad-band measurement,,Flux in fixed aperture,Profile-fit; Poor quality,From new raw data
140,H (2MASS/CTIO),8.852,+/-0.003,mag,1.8E14,0.295,8.15E-4,8.15E-4,,,+/-8.15E-04,Jy,2006AJ....131.1163S,uncertainty,1.662      microns,Broad-band measurement,,Flux in fixed aperture,"4"" aperture",From new raw data
141,K_s (2MASS/CTIO),9.279,+/-0.089,mag,1.39E14,0.13,0.0106,0.0106,,,+/-1.06E-02,Jy,2006AJ....131.1163S,uncertainty,2.159      microns,Broad-band measurement,,Flux in fixed aperture,Profile-fit; Poor quality,From new raw data
142,K_s (2MASS/CTIO),8.562,+/-0.004,mag,1.39E14,0.251,9.24E-4,9.24E-4,,,+/-9.24E-04,Jy,2006AJ....131.1163S,uncertainty,2.159      microns,Broad-band measurement,,Flux in fixed aperture,"4"" aperture",From new raw data
143,K_s_14arcsec (2MASS),7.89,+/-0.015,mag,1.38E14,0.466,0.00648,0.00648,,,+/-6.48E-03,Jy,20032MASX.C.......:,1 sigma uncert.,2.17      microns,Broad-band measurement,032241.79 -371229.5 (J2000),Flux in fixed aperture,14.0 x 14.0 arcsec aperture,From new raw data
144,K_20 (2MASS LGA),5.688,+/-0.016,mag,1.38E14,3.54,0.0525,0.0525,,,+/-5.25E-02,Jy,2003AJ....125..525J,1 sigma uncert.,2.17      microns,Broad-band measurement,032241.79 -371229.5 (J2000),Flux integrated from map,332.0 x  239.0 arcsec integration area.,From new raw data; Corrected for contaminating sources
145,K_Kron (2MASS LGA),5.694,+/-0.016,mag,1.38E14,3.52,0.0522,0.0522,,,+/-5.22E-02,Jy,2003AJ....125..525J,1 sigma uncert.,2.17      microns,Broad-band measurement,032241.79 -371229.5 (J2000),Flux integrated from map,324.8 x  233.9 arcsec integration area.,From new raw data; Corrected for contaminating sources
146,K_tot (2MASS LGA),5.587,+/-0.019,mag,1.38E14,3.88,0.0686,0.0686,,,+/-6.86E-02,Jy,2003AJ....125..525J,1 sigma uncert.,2.17      microns,Broad-band measurement,032241.79 -371229.5 (J2000),Total flux,,From new raw data
147,F_K (total),3.79,+/-3.20,log milliJy,1.37E14,6.17,1.6,1.6,,,+/-1.60E+00,Jy,1995ApJ...453..616S,1 sigma,2.194      microns,Broad-band measurement,,Corrected to total flux from single aperture measurement,,Homogenized from new and previously published data
148,K (RGO),8.29,+/-0.07,mag,1.37E14,0.314,0.0209,0.0209,,,+/-2.09E-02,Jy,1973MNRAS.164..155G,uncertainty,2.19 microns,Broad-band measurement,,Flux in fixed aperture,"12"" aperture",From new raw data
149,K (RGO),8.07,+/-0.11,mag,1.37E14,0.385,0.041,0.041,,,+/-4.10E-02,Jy,1973MNRAS.164..155G,uncertainty,2.19 microns,Broad-band measurement,,Flux in fixed aperture,"12.6"" aperture;Low quality data",From new raw data
150,K (RGO),7.0,+/-0.06,mag,1.37E14,1.03,0.0585,0.0585,,,+/-5.85E-02,Jy,1973MNRAS.164..155G,uncertainty,2.19 microns,Broad-band measurement,,Flux in fixed aperture,"37.8"" aperture",From new raw data
151,K (RGO),6.81,+/-0.05,mag,1.37E14,1.23,0.0578,0.0578,,,+/-5.78E-02,Jy,1973MNRAS.164..155G,uncertainty,2.19 microns,Broad-band measurement,,Flux in fixed aperture,"37.8"" aperture",From new raw data
152,K (RGO),7.77,+/-0.06,mag,1.37E14,0.507,0.0288,0.0288,,,+/-2.88E-02,Jy,1973MNRAS.164..155G,uncertainty,2.19 microns,Broad-band measurement,,Flux in fixed aperture,"18"" aperture",From new raw data
153,K (RGO),7.34,+/-0.05,mag,1.37E14,0.753,0.0355,0.0355,,,+/-3.55E-02,Jy,1973MNRAS.164..155G,uncertainty,2.19 microns,Broad-band measurement,,Flux in fixed aperture,"25.2"" aperture",From new raw data
154,K (RGO),7.5,+/-0.10,mag,1.37E14,0.65,0.0627,0.0627,,,+/-6.27E-02,Jy,1973MNRAS.164..155G,uncertainty,2.19 microns,Broad-band measurement,,Flux in fixed aperture,"25.2"" aperture",From new raw data
155,K (RGO),6.98,+/-0.07,mag,1.37E14,1.05,0.0699,0.0699,,,+/-6.99E-02,Jy,1973MNRAS.164..155G,uncertainty,2.19 microns,Broad-band measurement,,Flux in fixed aperture,"37.8"" aperture",From new raw data
156,K (CIT),6.7,+/-0.02,mag,1.36E14,1.3,0.0241,0.0241,,,+/-2.41E-02,Jy,1979ApJS...39...61P,uncertainty,2.20    microns,Broad-band measurement,,Flux in fixed aperture,"55.9"" aperture",From new raw data
157,K (CIT),7.32,+/-0.02,mag,1.36E14,0.732,0.0136,0.0136,,,+/-1.36E-02,Jy,1979ApJS...39...61P,uncertainty,2.20    microns,Broad-band measurement,,Flux in fixed aperture,"28.7"" aperture",From new raw data
158,K (MSO),7.29,+/-0.02,mag,1.36E14,0.809,0.0151,0.0151,,,+/-1.51E-02,Jy,1982MNRAS.200..509J,uncertainty,2.20    microns,Broad-band measurement,,Flux in fixed aperture,"30"" aperture",From new raw data
160,W1 (WISE),6.482,+/-0.002,mag,8.95E13,0.791,0.00146,0.00146,,,+/-1.46E-03,Jy,2014ApJ...797...55N,uncertainty,3.35 microns,Broad-band measurement,,Flux in fixed aperture,,From reprocessed raw data
161,W1 (WISE),5.51,,mag,8.95E13,1.94,,,,,,Jy,2016ApJ...818..182V,no uncertainty reported,3.35 microns,Broad-band measurement,03 22 41.710 -37 12 28.70 (J2000),Total flux,,From reprocessed raw data
162,W1 (WISE),5.079,+/-0.011,mag,8.95E13,2.88,0.0292,0.0292,,,+/-2.92E-02,Jy,2017ApJ...850...68C,uncertainty,3.35 microns,Broad-band measurement,,Flux in fixed aperture,,From reprocessed raw data
163,L (RGO),6.94,+/-0.61,mag,8.57E13,0.469,0.354,0.354,,,+/-3.54E-01,Jy,1973MNRAS.164..155G,uncertainty,3.5 microns,Broad-band measurement,,Flux in fixed aperture,"37.8"" aperture",From new raw data
164,L (RGO),8.18,+/-0.39,mag,8.57E13,0.15,0.0647,0.0647,,,+/-6.47E-02,Jy,1973MNRAS.164..155G,uncertainty,3.5 microns,Broad-band measurement,,Flux in fixed aperture,"12"" aperture",From new raw data
165,L (RGO),6.87,+/-0.24,mag,8.57E13,0.5,0.124,0.124,,,+/-1.24E-01,Jy,1973MNRAS.164..155G,uncertainty,3.5 microns,Broad-band measurement,,Flux in fixed aperture,"25.2"" aperture",From new raw data
166,L (RGO),6.79,+/-0.22,mag,8.57E13,0.539,0.121,0.121,,,+/-1.21E-01,Jy,1973MNRAS.164..155G,uncertainty,3.5 microns,Broad-band measurement,,Flux in fixed aperture,"25.2"" aperture",From new raw data
167,3.6 microns (IRAC),50382.0,+/-3.5800E-01,microJy,8.44E13,0.0504,3.58E-7,3.58E-7,,,+/-3.58E-07,Jy,2013SSTSLC4.2....0C,uncertainty,3.55       microns,Broad-band measurement,,Flux in fixed aperture,"3.8"" aperture",From new raw data
168,3.6 microns (IRAC),113160.0,+/-6.2680E-01,microJy,8.44E13,0.113,6.27E-7,6.27E-7,,,+/-6.27E-07,Jy,2013SSTSLC4.2....0C,uncertainty,3.55       microns,Broad-band measurement,,Flux in fixed aperture,"5.8"" aperture",From new raw data
169,3.6 microns (IRAC),0.428,+/-0.003,log(Jy),8.44E13,2.68,0.0185,0.0185,,,+/-1.85E-02,Jy,2009ApJ...703.1569M,statistical error,3.550 microns,Broad-band measurement,03 22 41.7 -37 12 29.6 (J2000),Flux in fixed aperture,,From new raw data; Extinction-corrected for Milky Way
170,3.6 microns (IRAC),1250.0,+/-10  %,milliJy,8.44E13,1.25,0.125,0.125,,,+/-1.25E-01,Jy,2010ApJ...715..506M,1 sigma,3.550 microns,Broad-band measurement,,Flux in fixed aperture,,From new raw data
171,3.6 microns (IRAC),4.67,+/-0.22,milliJy,8.44E13,0.00467,2.2E-4,2.2E-4,,,+/-2.20E-04,Jy,2010ApJ...721.1702L,uncertainty,3.550 microns,Broad-band measurement,03 22 41.71 -37 12 28.7 (J2000),Flux in fixed aperture,Nuclear flux,From new raw data
172,3.6 microns (IRAC),2.72,+/-0.27,Jy,8.44E13,2.72,0.27,0.27,,,+/-2.70E-01,Jy,2005ApJ...633..857D,uncertainty,3.550   microns,Broad-band measurement,,Flux in fixed aperture,Flux not corrected for aperture effects,From new raw data
173,3.6 microns (IRAC),2.48,+/-0.34,Jy,8.44E13,2.48,0.34,0.34,,,+/-3.40E-01,Jy,2007ApJ...655..863D,uncertainty,3.550   microns,Broad-band measurement,03 22 41.2 -37 12 10 (J2000),Total flux,,From reprocessed raw data; Extinction-corrected for Milky Way
174,3.6 microns (IRAC),902.9,+/-10  %,milliJy,8.44E13,0.903,0.0903,0.0903,,,+/-9.03E-02,Jy,2005ApJ...635L..25T,uncertainty,3.550   microns,Broad-band measurement,,Flux in fixed aperture,"40.35"" aperture",From new raw data
175,4.5 microns (IRAC),36263.0,+/-5.9450E-01,microJy,6.67E13,0.0363,5.94E-7,5.94E-7,,,+/-5.94E-07,Jy,2013SSTSLC4.2....0C,uncertainty,4.493      microns,Broad-band measurement,,Flux in fixed aperture,"3.8"" aperture",From new raw data
176,4.5 microns (IRAC),72425.0,+/-1.0416E+00,microJy,6.67E13,0.0724,1.04E-6,1.04E-6,,,+/-1.04E-06,Jy,2013SSTSLC4.2....0C,uncertainty,4.493      microns,Broad-band measurement,,Flux in fixed aperture,"5.8"" aperture",From new raw data
177,4.5 microns (IRAC),0.228,+/-0.004,log(Jy),6.67E13,1.69,0.0156,0.0156,,,+/-1.56E-02,Jy,2009ApJ...703.1569M,statistical error,4.493 microns,Broad-band measurement,03 22 41.7 -37 12 29.6 (J2000),Flux in fixed aperture,,From new raw data; Extinction-corrected for Milky Way
178,4.5 microns (IRAC),770.0,+/-10  %,milliJy,6.67E13,0.77,0.077,0.077,,,+/-7.70E-02,Jy,2010ApJ...715..506M,1 sigma,4.493 microns,Broad-band measurement,,Flux in fixed aperture,,From new raw data
179,4.5 microns (IRAC),5.63,+/-0.26,milliJy,6.67E13,0.00563,2.6E-4,2.6E-4,,,+/-2.60E-04,Jy,2010ApJ...721.1702L,uncertainty,4.493 microns,Broad-band measurement,03 22 41.71 -37 12 28.7 (J2000),Flux in fixed aperture,Nuclear flux,From new raw data
180,4.5 microns (IRAC),1.53,+/-0.21,Jy,6.67E13,1.53,0.21,0.21,,,+/-2.10E-01,Jy,2007ApJ...655..863D,uncertainty,4.493   microns,Broad-band measurement,03 22 41.2 -37 12 10 (J2000),Total flux,,From reprocessed raw data; Extinction-corrected for Milky Way
181,4.5 microns (IRAC),1.63,+/-0.16,Jy,6.67E13,1.63,0.16,0.16,,,+/-1.60E-01,Jy,2005ApJ...633..857D,uncertainty,4.493   microns,Broad-band measurement,,Flux in fixed aperture,Flux not corrected for aperture effects,From new raw data
182,4.5 microns (IRAC),540.7,+/-10  %,milliJy,6.67E13,0.541,0.0541,0.0541,,,+/-5.41E-02,Jy,2005ApJ...635L..25T,uncertainty,4.493   microns,Broad-band measurement,,Flux in fixed aperture,"40.35"" aperture",From new raw data
183,4.5 microns (ISO),776.2,+/-57.6,milliJy,6.66E13,0.776,0.0576,0.0576,,,+/-5.76E-02,Jy,2004A&A...416...41X,uncertainty,4.5   microns,Broad-band measurement,,Total flux,,From reprocessed raw data
184,W2 (WISE),6.504,+/-0.003,mag,6.52E13,0.43,0.00119,0.00119,,,+/-1.19E-03,Jy,2014ApJ...797...55N,uncertainty,4.60 microns,Broad-band measurement,,Flux in fixed aperture,,From reprocessed raw data
185,W2 (WISE),5.54,,mag,6.52E13,1.05,,,,,,Jy,2016ApJ...818..182V,no uncertainty reported,4.60 microns,Broad-band measurement,03 22 41.710 -37 12 28.70 (J2000),Total flux,,From reprocessed raw data
186,W2 (WISE),5.102,+/-0.019,mag,6.52E13,1.56,0.0274,0.0274,,,+/-2.74E-02,Jy,2017ApJ...850...68C,uncertainty,4.60 microns,Broad-band measurement,,Flux in fixed aperture,,From reprocessed raw data
187,5.8 microns (IRAC),34329.0,+/-2.4076E+00,microJy,5.23E13,0.0343,2.41E-6,2.41E-6,,,+/-2.41E-06,Jy,2013SSTSLC4.2....0C,uncertainty,5.731      microns,Broad-band measurement,,Flux in fixed aperture,"3.8"" aperture",From new raw data
188,5.8 microns (IRAC),60803.0,+/-3.6374E+00,microJy,5.23E13,0.0608,3.64E-6,3.64E-6,,,+/-3.64E-06,Jy,2013SSTSLC4.2....0C,uncertainty,5.731      microns,Broad-band measurement,,Flux in fixed aperture,"5.8"" aperture",From new raw data
189,5.8 microns (IRAC),1.46,+/-0.15,Jy,5.23E13,1.46,0.15,0.15,,,+/-1.50E-01,Jy,2005ApJ...633..857D,uncertainty,5.731   microns,Broad-band measurement,,Flux in fixed aperture,Flux not corrected for aperture effects,From new raw data
190,5.8 microns (IRAC),595.0,+/-10  %,milliJy,5.23E13,0.595,0.0595,0.0595,,,+/-5.95E-02,Jy,2010ApJ...715..506M,1 sigma,5.731 microns,Broad-band measurement,,Flux in fixed aperture,,From new raw data
191,5.8 microns (IRAC),6.78,+/-0.27,milliJy,5.23E13,0.00678,2.7E-4,2.7E-4,,,+/-2.70E-04,Jy,2010ApJ...721.1702L,uncertainty,5.731 microns,Broad-band measurement,03 22 41.71 -37 12 28.7 (J2000),Flux in fixed aperture,Nuclear flux,From new raw data
192,5.8 microns (IRAC),0.057,+/-0.003,log(Jy),5.23E13,1.14,0.00788,0.00788,,,+/-7.88E-03,Jy,2009ApJ...703.1569M,statistical error,5.731 microns,Broad-band measurement,03 22 41.7 -37 12 29.6 (J2000),Flux in fixed aperture,,From new raw data; Extinction-corrected for Milky Way
193,5.8 microns (IRAC),1.13,+/-0.14,Jy,5.23E13,1.13,0.14,0.14,,,+/-1.40E-01,Jy,2007ApJ...655..863D,uncertainty,5.731   microns,Broad-band measurement,03 22 41.2 -37 12 10 (J2000),Total flux,,From reprocessed raw data; Extinction-corrected for Milky Way
194,5.8 microns (IRAC),335.0,+/-10  %,milliJy,5.23E13,0.335,0.0335,0.0335,,,+/-3.35E-02,Jy,2005ApJ...635L..25T,uncertainty,5.731   microns,Broad-band measurement,,Flux in fixed aperture,"40.35"" aperture",From new raw data
195,6.7 microns (ISO),410.4,+/-31.1,milliJy,4.47E13,0.41,0.0311,0.0311,,,+/-3.11E-02,Jy,2004A&A...416...41X,uncertainty,6.7   microns,Broad-band measurement,,Total flux,,From reprocessed raw data
197,8.0 microns (IRAC),417.0,+/-10  %,milliJy,3.81E13,0.417,0.0417,0.0417,,,+/-4.17E-02,Jy,2010ApJ...715..506M,1 sigma,7.872 microns,Broad-band measurement,,Flux in fixed aperture,,From new raw data
198,8.0 microns (IRAC),16.6,+/-0.5,milliJy,3.81E13,0.0166,5.0E-4,5.0E-4,,,+/-5.00E-04,Jy,2010ApJ...721.1702L,uncertainty,7.872 microns,Broad-band measurement,03 22 41.71 -37 12 28.7 (J2000),Flux in fixed aperture,Nuclear flux,From new raw data
199,8.0 microns (IRAC),0.55,+/-0.07,Jy,3.81E13,0.55,0.07,0.07,,,+/-7.00E-02,Jy,2007ApJ...655..863D,uncertainty,7.872   microns,Broad-band measurement,03 22 41.2 -37 12 10 (J2000),Total flux,,From reprocessed raw data; Extinction-corrected for Milky Way
200,8.0 microns (IRAC),-0.147,+/-0.001,log(Jy),3.81E13,0.713,0.00164,0.00164,,,+/-1.64E-03,Jy,2009ApJ...703.1569M,statistical error,7.872 microns,Broad-band measurement,03 22 41.7 -37 12 29.6 (J2000),Flux in fixed aperture,,From new raw data; Extinction-corrected for Milky Way
201,8.0 microns (IRAC),0.75,+/-0.08,Jy,3.81E13,0.75,0.08,0.08,,,+/-8.00E-02,Jy,2005ApJ...633..857D,uncertainty,7.872   microns,Broad-band measurement,,Flux in fixed aperture,Flux not corrected for aperture effects,From new raw data
202,8.0 microns (IRAC),270.7,+/-10  %,milliJy,3.81E13,0.271,0.0271,0.0271,,,+/-2.71E-02,Jy,2005ApJ...635L..25T,uncertainty,7.872   microns,Broad-band measurement,,Flux in fixed aperture,"40.35"" aperture",From new raw data
203,7.9 microns (IRAC),0.025,+/-10  %,Jy,3.81E13,0.025,0.0025,0.0025,,,+/-2.50E-03,Jy,2007ApJ...669..959R,uncertainty,7.872 microns,Broad-band measurement,03 22 41.61 -37 12 28.7 (J2000),Flux integrated from map,,From new raw data
204,8.0 microns (IRAC),32065.0,+/-3.9888E+00,microJy,3.81E13,0.0321,3.99E-6,3.99E-6,,,+/-3.99E-06,Jy,2013SSTSLC4.2....0C,uncertainty,7.872      microns,Broad-band measurement,,Flux in fixed aperture,"3.8"" aperture",From new raw data
205,8.0 microns (IRAC),52063.0,+/-5.3432E+00,microJy,3.81E13,0.0521,5.34E-6,5.34E-6,,,+/-5.34E-06,Jy,2013SSTSLC4.2....0C,uncertainty,7.872      microns,Broad-band measurement,,Flux in fixed aperture,"5.8"" aperture",From new raw data
206,Si2 (GeminiS),13.9,+/-0.4,milliJy,3.43E13,0.0139,4.0E-4,4.0E-4,,,+/-4.00E-04,Jy,2014MNRAS.439.1648A,uncertainty,8.74   microns,Broad-band measurement,050.673750 -37.208333 (J2000),Flux in fixed aperture,Nuclear flux,From reprocessed raw data
208,10 microns,,<0.104,Jy,3.0E13,,,,0.104,,<1.04E-01,Jy,1978ApJ...220L..37R,2 sigma,10      microns,Broad-band measurement,,Flux in fixed aperture,"5.7"" aperture",From new raw data
210,W3 (WISE),4.52,,mag,2.59E13,0.493,,,,,,Jy,2016ApJ...818..182V,no uncertainty reported,11.56 microns,Broad-band measurement,03 22 41.710 -37 12 28.70 (J2000),Total flux,,From reprocessed raw data
211,W3 (WISE),4.17,+/-0.038,mag,2.59E13,0.68,0.0238,0.0238,,,+/-2.38E-02,Jy,2017ApJ...850...68C,uncertainty,11.56 microns,Broad-band measurement,,Total flux,,From reprocessed raw data
212,SIC (VLT),,<26.4,milliJy,2.53E13,,,,0.0264,,<2.64E-02,Jy,2014MNRAS.439.1648A,3 sigma,11.85   microns,Broad-band measurement,050.673750 -37.208333 (J2000),Flux in fixed aperture,Nuclear flux,From reprocessed raw data
213,11.85 microns (VLT),,<9,milliJy,2.53E13,,,,0.009,,<9.00E-03,Jy,2010A&A...511A..64V,3 sigma,11.85 microns,Broad-band measurement,,Flux integrated from map,Core flux,From new raw data
214,PAH2_2 (VLT),,<12.8,milliJy,2.52E13,,,,0.0128,,<1.28E-02,Jy,2014MNRAS.439.1648A,3 sigma,11.88   microns,Broad-band measurement,050.673750 -37.208333 (J2000),Flux in fixed aperture,Nuclear flux,From reprocessed raw data
215,12 microns (IRAS),244.0,+/-15  %,milliJy,2.5E13,0.244,0.0366,0.0366,,,+/-3.66E-02,Jy,1988AJ.....95...26G,typical accuracy,12         microns,Broad-band measurement,,Integrated from scans,From pointed observations,From new raw data
216,12 microns (IRAS),0.33,+/-0.042,Jy,2.5E13,0.33,0.042,0.042,,,+/-4.20E-02,Jy,1994PrivC.U..J....K,1 sigma,12         microns,Broad-band measurement,032047. -372312 (B1950),From fitting to map,,From reprocessed raw data
217,12 microns (IRAS),0.3223,+/-7   %,Jy,2.5E13,0.322,0.0226,0.0226,,,+/-2.26E-02,Jy,1990IRASF.C...0000M,uncertainty,12        microns,Broad-band measurement,032046.8 -372309 (B1950),Flux in fixed aperture,IRAS quality flag = 3,From new raw data
219,Si6 (GeminiS),21.3,+/-0.3,milliJy,2.43E13,0.0213,3.0E-4,3.0E-4,,,+/-3.00E-04,Jy,2014MNRAS.439.1648A,uncertainty,12.33   microns,Broad-band measurement,050.673750 -37.208333 (J2000),Flux in fixed aperture,Nuclear flux,From reprocessed raw data
220,15 microns (ISOCAM),85.5,+/-7.4,milliJy,2.1E13,0.0855,0.0074,0.0074,,,+/-7.40E-03,Jy,2005ApJ...622..235T,uncertainty,14.3   microns,Broad-band measurement,,Flux in fixed aperture,Aperture = effective radius (R_e/8),From new raw data
221,15 microns (ISO),210.1,+/-34.0,milliJy,2.0E13,0.21,0.034,0.034,,,+/-3.40E-02,Jy,2004A&A...416...41X,uncertainty,15   microns,Broad-band measurement,,Total flux,,From reprocessed raw data
223,W4 (WISE),3.33,,mag,1.36E13,0.389,,,,,,Jy,2016ApJ...818..182V,no uncertainty reported,22.08 microns,Broad-band measurement,03 22 41.710 -37 12 28.70 (J2000),Total flux,,From reprocessed raw data
224,W4 (WISE),2.783,+/-0.047,mag,1.36E13,0.644,0.0279,0.0279,,,+/-2.79E-02,Jy,2017ApJ...850...68C,uncertainty,22.08 microns,Broad-band measurement,,Total flux,,From reprocessed raw data
225,24 microns (MIPS),-0.337,+/-0.011,log(Jy),1.27E13,0.46,0.0117,0.0117,,,+/-1.17E-02,Jy,2009ApJ...703.1569M,statistical error,23.68 microns,Broad-band measurement,03 22 41.7 -37 12 29.6 (J2000),Flux in fixed aperture,,From new raw data; Extinction-corrected for Milky Way
226,24 microns (MIPS),0.43,+/-0.02,Jy,1.27E13,0.43,0.02,0.02,,,+/-2.00E-02,Jy,2007ApJ...655..863D,uncertainty,23.68   microns,Broad-band measurement,03 22 41.2 -37 12 10 (J2000),Total flux,,From reprocessed raw data; Extinction-corrected for Milky Way
227,24 microns (MIPS),430.0,+/-21,milliJy,1.27E13,0.43,0.021,0.021,,,+/-2.10E-02,Jy,2009ApJ...707..890T,uncertainty,23.68 microns,Broad-band measurement,,Flux in fixed aperture,,From reprocessed raw data
228,24 microns (MIPS),0.094,+/-5   %,Jy,1.27E13,0.094,0.0047,0.0047,,,+/-4.70E-03,Jy,2007ApJ...669..959R,uncertainty,23.68 microns,Broad-band measurement,03 22 41.61 -37 12 28.7 (J2000),Flux integrated from map,,From new raw data
229,24 microns (MIPS),0.36,+/-0.04,Jy,1.27E13,0.36,0.04,0.04,,,+/-4.00E-02,Jy,2005ApJ...633..857D,uncertainty,23.68   microns,Broad-band measurement,,Flux in fixed aperture,,From new raw data
230,24 microns (MIPS),221.0,+/-15  %,milliJy,1.27E13,0.221,0.0332,0.0332,,,+/-3.32E-02,Jy,2005ApJ...635L..25T,uncertainty,23.68   microns,Broad-band measurement,,Flux in fixed aperture,"40.35"" aperture",From new raw data
231,24 microns (MIPS),60.8,+/-1.8,milliJy,1.27E13,0.0608,0.0018,0.0018,,,+/-1.80E-03,Jy,2010ApJ...721.1702L,uncertainty,23.680 microns,Broad-band measurement,03 22 41.71 -37 12 28.7 (J2000),Flux in fixed aperture,Nuclear flux,From new raw data
232,24 microns (MIPS),109490.0,+/-7.8204E+01,microJy,1.27E13,0.109,7.82E-5,7.82E-5,,,+/-7.82E-05,Jy,2013SSTSLC4.2....0C,uncertainty,23.68      microns,Broad-band measurement,,Modelled datum,PSF fit,From new raw data
233,24 microns (MIPS),110790.0,+/-5.8798E+01,microJy,1.27E13,0.111,5.88E-5,5.88E-5,,,+/-5.88E-05,Jy,2013SSTSLC4.2....0C,uncertainty,23.68      microns,Broad-band measurement,,Flux in fixed aperture,"14.7"" aperture",From new raw data
234,25 microns (IRAS),251.0,+/-15  %,milliJy,1.2E13,0.251,0.0377,0.0377,,,+/-3.77E-02,Jy,1988AJ.....95...26G,typical accuracy,25         microns,Broad-band measurement,,Integrated from scans,From pointed observations,From new raw data
235,25 microns (IRAS),0.29,+/-0.022,Jy,1.2E13,0.29,0.022,0.022,,,+/-2.20E-02,Jy,1994PrivC.U..J....K,1 sigma,25         microns,Broad-band measurement,032047. -372312 (B1950),From fitting to map,,From reprocessed raw data
236,25 microns (IRAS),0.2488,+/-8   %,Jy,1.2E13,0.249,0.0258,0.0258,,,+/-2.58E-02,Jy,1990IRASF.C...0000M,uncertainty,25        microns,Broad-band measurement,032046.8 -372309 (B1950),Flux in fixed aperture,IRAS quality flag = 3,From new raw data
239,60 microns (IRAS),3024.0,+/-15  %,milliJy,5.0E12,3.02,0.454,0.454,,,+/-4.54E-01,Jy,1988AJ.....95...26G,typical accuracy,60         microns,Broad-band measurement,,Integrated from scans,From pointed observations,From new raw data
240,60 microns (IRAS),3.07,+/-0.030,Jy,5.0E12,3.07,0.03,0.03,,,+/-3.00E-02,Jy,1994PrivC.U..J....K,1 sigma,60         microns,Broad-band measurement,032047. -372312 (B1950),From fitting to map,,From reprocessed raw data
241,60 microns (IRAS),2.977,+/-5   %,Jy,5.0E12,2.98,0.149,0.149,,,+/-1.49E-01,Jy,1990IRASF.C...0000M,uncertainty,60        microns,Broad-band measurement,032046.8 -372309 (B1950),Flux in fixed aperture,IRAS quality flag = 3,From new raw data
242,70 microns (PACS),5.81,+/-0.33E+0,Jy,4.28E12,5.81,0.33,0.33,,,+/-3.30E-01,Jy,2012ApJ...745...95D,uncertainty,70 microns,Broad-band measurement,03 22 41.2 -37 12 10 (J2000),Flux in fixed aperture,,From new raw data
243,70 microns (MIPS),0.734,+/-0.011,log(Jy),4.2E12,5.42,0.137,0.137,,,+/-1.37E-01,Jy,2009ApJ...703.1569M,statistical error,71.42 microns,Broad-band measurement,03 22 41.7 -37 12 29.6 (J2000),Flux in fixed aperture,,From new raw data; Extinction-corrected for Milky Way
244,70 microns (MIPS),5.44,+/-0.40,Jy,4.2E12,5.44,0.4,0.4,,,+/-4.00E-01,Jy,2007ApJ...655..863D,uncertainty,71.42   microns,Broad-band measurement,03 22 41.2 -37 12 10 (J2000),Total flux,,From reprocessed raw data; Extinction-corrected for Milky Way
245,70 microns (MIPS),4.22,+/-0.85,Jy,4.2E12,4.22,0.85,0.85,,,+/-8.50E-01,Jy,2005ApJ...633..857D,uncertainty,71.42   microns,Broad-band measurement,,Flux in fixed aperture,,From new raw data
246,70 microns (MIPS),5440.0,+/-312,milliJy,4.2E12,5.44,0.312,0.312,,,+/-3.12E-01,Jy,2009ApJ...707..890T,uncertainty,71.42 microns,Broad-band measurement,,Flux in fixed aperture,,From reprocessed raw data
247,100 microns (PACS),9.3,+/-0.50E+0,Jy,3.0E12,9.3,0.5,0.5,,,+/-5.00E-01,Jy,2012ApJ...745...95D,uncertainty,100 microns,Broad-band measurement,03 22 41.2 -37 12 10 (J2000),Flux in fixed aperture,,From new raw data
248,100 microns (IRAS),8446.0,+/-15  %,milliJy,3.0E12,8.45,1.27,1.27,,,+/-1.27E+00,Jy,1988AJ.....95...26G,typical accuracy,100        microns,Broad-band measurement,,Integrated from scans,From pointed observations,From new raw data
249,100 microns (IRAS),8.11,+/-1.900,Jy,3.0E12,8.11,1.9,1.9,,,+/-1.90E+00,Jy,1994PrivC.U..J....K,1 sigma,100        microns,Broad-band measurement,032047. -372312 (B1950),From fitting to map,,From reprocessed raw data
250,100 microns (IRAS),7.331,+/-4   %,Jy,3.0E12,7.33,0.293,0.293,,,+/-2.93E-01,Jy,1990IRASF.C...0000M,uncertainty,100       microns,Broad-band measurement,032046.8 -372309 (B1950),Flux in fixed aperture,IRAS quality flag = 2,From new raw data
251,160 microns (MIPS),12.61,+/-1.78,Jy,1.92E12,12.6,1.78,1.78,,,+/-1.78E+00,Jy,2007ApJ...655..863D,uncertainty,155.9   microns,Broad-band measurement,03 22 41.2 -37 12 10 (J2000),Total flux,,From reprocessed raw data; Extinction-corrected for Milky Way
252,160 microns (MIPS),12610.0,+/-886,milliJy,1.92E12,12.6,0.886,0.886,,,+/-8.86E-01,Jy,2009ApJ...707..890T,uncertainty,155.9 microns,Broad-band measurement,,Flux in fixed aperture,,From reprocessed raw data
253,160 microns (MIPS),9.66,+/-1.94,Jy,1.92E12,9.66,1.94,1.94,,,+/-1.94E+00,Jy,2005ApJ...633..857D,uncertainty,155.9   microns,Broad-band measurement,,Flux in fixed aperture,,From new raw data
254,160 microns (MIPS),1.059,+/-0.003,log(Jy),1.92E12,11.5,0.0791,0.0791,,,+/-7.91E-02,Jy,2009ApJ...703.1569M,statistical error,155.9 microns,Broad-band measurement,03 22 41.7 -37 12 29.6 (J2000),Flux in fixed aperture,,From new raw data; Extinction-corrected for Milky Way
255,160 microns (PACS),11.5,+/-0.06E+1,Jy,1.87E12,11.5,0.6,0.6,,,+/-6.00E-01,Jy,2012ApJ...745...95D,uncertainty,160 microns,Broad-band measurement,03 22 41.2 -37 12 10 (J2000),Flux in fixed aperture,,From new raw data
256,250 microns (SPIRE),3895.5,+/-584.4,milliJy,1.2E12,3.9,0.584,0.584,,,+/-5.84E-01,Jy,2014ApJ...783..135A,5 sigma,250 microns,Broad-band measurement,,Flux in fixed aperture,,From reprocessed raw data
257,250 microns (SPIRE),4.8,+/-0.37E+0,Jy,1.2E12,4.8,0.37,0.37,,,+/-3.70E-01,Jy,2012ApJ...745...95D,uncertainty,250 microns,Broad-band measurement,03 22 41.2 -37 12 10 (J2000),Flux in fixed aperture,,From new raw data
258,350 microns (SPIRE),1650.4,+/-249.6,milliJy,8.57E11,1.65,0.25,0.25,,,+/-2.50E-01,Jy,2014ApJ...783..135A,5 sigma,350 microns,Broad-band measurement,,Flux in fixed aperture,,From reprocessed raw data
259,350 microns (SPIRE),2.06,+/-0.19E+0,Jy,8.57E11,2.06,0.19,0.19,,,+/-1.90E-01,Jy,2012ApJ...745...95D,uncertainty,350 microns,Broad-band measurement,03 22 41.2 -37 12 10 (J2000),Flux in fixed aperture,,From new raw data
260,500 microns (SPIRE),0.816,+/-1.33E-1,Jy,6.0E11,0.816,0.133,0.133,,,+/-1.33E-01,Jy,2012ApJ...745...95D,uncertainty,500 microns,Broad-band measurement,03 22 41.2 -37 12 10 (J2000),Flux in fixed aperture,,From new raw data
261,500 microns (SPIRE),502.9,+/-79.5,milliJy,6.0E11,0.503,0.0795,0.0795,,,+/-7.95E-02,Jy,2014ApJ...783..135A,5 sigma,500 microns,Broad-band measurement,,Flux in fixed aperture,,From reprocessed raw data
262,94 GHz (WMAP),0.7,+/-0.3,Jy,9.4E10,0.7,0.3,0.3,,,+/-3.00E-01,Jy,2009ApJ...694..222C,1 sigma,94 GHz,Broad-band measurement,03 22 16 -37 11 00 (J2000),Flux integrated from map,,From new raw data
263,94 GHz (WMAP),1.4,+/-0.5,Jy,9.4E10,1.4,0.5,0.5,,,+/-5.00E-01,Jy,2003ApJS..148...97B,uncertainty,94   GHz,Broad-band measurement,032225.2 -371131 (J2000),Flux integrated from map,,From new raw data
264,61 GHz (WMAP),1752.0,+/-218,milliJy,6.1E10,1.75,0.218,0.218,,,+/-2.18E-01,Jy,2009MNRAS.392..733M,uncertainty,61 GHz,Broad-band measurement,050.5823 -37.1774 (J2000),Flux integrated from map,,From new raw data
265,61 GHz (WMAP),8.6,+/-0.10,Jy,6.1E10,8.6,0.1,0.1,,,+/-1.00E-01,Jy,2011ApJS..192...15G,uncertainty,61 GHz,Broad-band measurement,03 22 25 -37 11 (J2000),Flux integrated from map,,From new raw data
266,61 GHz (WMAP),1.9,+/-0.3,Jy,6.1E10,1.9,0.3,0.3,,,+/-3.00E-01,Jy,2003ApJS..148...97B,uncertainty,61   GHz,Broad-band measurement,032225.2 -371131 (J2000),Flux integrated from map,,From new raw data
267,V (WMAP),8.4,+/-2.50,Jy,6.1E10,8.4,2.5,2.5,,,+/-2.50E+00,Jy,2009ApJS..180..283W,uncertainty,61 GHz,Broad-band measurement,03 22 25 -37 11 00 (J2000),Flux integrated from map,,From new raw data
268,61 GHz (WMAP),1.3,+/-0.2,Jy,6.1E10,1.3,0.2,0.2,,,+/-2.00E-01,Jy,2009ApJ...694..222C,1 sigma,61 GHz,Broad-band measurement,03 22 16 -37 11 00 (J2000),Flux integrated from map,,From new raw data
269,41 GHz (WMAP),10.7,+/-0.06,Jy,4.1E10,10.7,0.06,0.06,,,+/-6.00E-02,Jy,2011ApJS..192...15G,uncertainty,41 GHz,Broad-band measurement,03 22 25 -37 11 (J2000),Flux integrated from map,,From new raw data
270,41 GHz (WMAP),10500.0,,milliJy,4.1E10,10.5,,,,,,Jy,2009A&A...508..107G,no uncertainty reported,41 GHz,Broad-band measurement,03 22 41.7 -37 12 38.9 (J2000),Flux integrated from map,,From new raw data
271,41 GHz (WMAP),2.3,+/-0.2,Jy,4.1E10,2.3,0.2,0.2,,,+/-2.00E-01,Jy,2009ApJ...694..222C,1 sigma,41 GHz,Broad-band measurement,03 22 16 -37 11 00 (J2000),Flux integrated from map,,From new raw data
272,Q (WMAP),10.6,+/-1.90,Jy,4.1E10,10.6,1.9,1.9,,,+/-1.90E+00,Jy,2009ApJS..180..283W,uncertainty,41 GHz,Broad-band measurement,03 22 25 -37 11 00 (J2000),Flux integrated from map,,From new raw data
273,41 GHz (WMAP),3069.0,+/-180,milliJy,4.1E10,3.07,0.18,0.18,,,+/-1.80E-01,Jy,2009MNRAS.392..733M,uncertainty,41 GHz,Broad-band measurement,050.5823 -37.1774 (J2000),Flux integrated from map,,From new raw data
274,41 GHz (WMAP),4.3,+/-0.1,Jy,4.1E10,4.3,0.1,0.1,,,+/-1.00E-01,Jy,2003ApJS..148...97B,uncertainty,41   GHz,Broad-band measurement,032225.2 -371131 (J2000),Flux integrated from map,,From new raw data
275,33 GHz (WMAP),7.1,+/-0.1,Jy,3.3E10,7.1,0.1,0.1,,,+/-1.00E-01,Jy,2003ApJS..148...97B,uncertainty,33   GHz,Broad-band measurement,032225.2 -371131 (J2000),Flux integrated from map,,From new raw data
276,Ka (WMAP),12.6,+/-2.00,Jy,3.3E10,12.6,2.0,2.0,,,+/-2.00E+00,Jy,2009ApJS..180..283W,uncertainty,33 GHz,Broad-band measurement,03 22 25 -37 11 00 (J2000),Flux integrated from map,,From new raw data
277,33 GHz (WMAP),12.5,+/-0.05,Jy,3.3E10,12.5,0.05,0.05,,,+/-5.00E-02,Jy,2011ApJS..192...15G,uncertainty,33 GHz,Broad-band measurement,03 22 25 -37 11 (J2000),Flux integrated from map,,From new raw data
278,33 GHz (WMAP),5217.0,+/-229,milliJy,3.3E10,5.22,0.229,0.229,,,+/-2.29E-01,Jy,2009MNRAS.392..733M,uncertainty,33 GHz,Broad-band measurement,050.5823 -37.1774 (J2000),Flux integrated from map,,From new raw data
279,K (WMAP),18.5,+/-3.10,Jy,2.3E10,18.5,3.1,3.1,,,+/-3.10E+00,Jy,2009ApJS..180..283W,uncertainty,23 GHz,Broad-band measurement,03 22 25 -37 11 00 (J2000),Flux integrated from map,,From new raw data
280,23 GHz (WMAP),18.6,+/-0.04,Jy,2.3E10,18.6,0.04,0.04,,,+/-4.00E-02,Jy,2011ApJS..192...15G,uncertainty,23 GHz,Broad-band measurement,03 22 25 -37 11 (J2000),Flux integrated from map,,From new raw data
281,23 GHz (WMAP),11.7,+/-0.1,Jy,2.3E10,11.7,0.1,0.1,,,+/-1.00E-01,Jy,2003ApJS..148...97B,uncertainty,23   GHz,Broad-band measurement,032225.2 -371131 (J2000),Flux integrated from map,,From new raw data
282,23 GHz (WMAP),10198.0,+/-248,milliJy,2.3E10,10.2,0.248,0.248,,,+/-2.48E-01,Jy,2009MNRAS.392..733M,uncertainty,23 GHz,Broad-band measurement,050.5823 -37.1774 (J2000),Flux integrated from map,,From new raw data
283,2700 MHz,98.0,,Jy,2.7E9,98.0,,,,,,Jy,1990PKS90.C...0000W,no uncertainty reported,2700   MHz,Broad-band measurement,03 20 42.0 -37 25 00 (B1950),Integrated from scans,,Homogenized from new and previously published data
284,2700 MHz,98.0,+/-1.50,Jy,2.7E9,98.0,1.5,1.5,,,+/-1.50E+00,Jy,1973AuJPA..30....1B,uncertainty,2700   MHz,Broad-band measurement,032042.00 -372500.0 (B1950),Not reported in paper,From Kuhr catalog (1981A&AS...45..367K),Transformed from previously published data
286,1.4 GHz (NVSS),255.0,+/-10,milliJy,1.4E9,0.255,0.01,0.01,,,+/-1.00E-02,Jy,2014MNRAS.440..696A,uncertainty,1.4 GHz,Broad-band measurement,03 22 41.79 -37 12 29.5 (J2000),Total flux,,Averaged from previously published data
287,1.4 GHz (CHIPASS),45500.0,,milliJy,1.4E9,45.5,,,,,,Jy,2014MNRAS.440..696A,no uncertainty reported,1.4 GHz,Broad-band measurement,03 22 41.79 -37 12 29.5 (J2000),From fitting to map,Beam-weighted flux density,From reprocessed raw data
288,1.4 GHz (VLA),150000.0,+/-10000.0,milliJy,1.4E9,150.0,10.0,10.0,,,+/-1.00E+01,Jy,2011ApJ...731L..41B,uncertainty,1.4 GHz,Broad-band measurement,03 22 41.789 -37 12 29.52 (J2000),Flux integrated from map,,From reprocessed raw data
289,1.4GHz,254.7,+/-0.6,milliJy,1.4E9,0.255,6.0E-4,6.0E-4,,,+/-6.00E-04,Jy,1998AJ....115.1693C,uncertainty,1.40   GHz,Broad-band measurement,03 22 41.63 -37 12 25.6 (J2000),Flux integrated from map,,From new raw data
290,843 MHz (MOST),169.0,,Jy,8.43E8,169.0,,,,,,Jy,2006AJ....131..100B,no uncertainty reported,843   MHz,Broad-band measurement,032243.0 -371140. (J2000),Flux integrated from map,Flux estimated from the radio spectrum,From new raw data
291,843 MHz (SUMSS),368.0,+/-11.6,milliJy,8.43E8,0.368,0.0116,0.0116,,,+/-1.16E-02,Jy,2008SUMSS.2.1.....:,uncertainty,843   MHz,Broad-band measurement,032241.40 -371225.5 (J2000),Flux integrated from map,,From new raw data
292,843 MHz,169.0,+/-9   %,Jy,8.43E8,169.0,15.2,15.2,,,+/-1.52E+01,Jy,1992ApJS...80..137J,rms uncertainty,843      MHz,Broad-band measurement,032048.5 -372219 (B1950),Flux integrated from map,Article has map,From new raw data
293,843 MHz (SUMSS),169000.0,+/-2287,milliJy,8.43E8,169.0,2.29,2.29,,,+/-2.29E+00,Jy,2014MNRAS.440..696A,uncertainty,843 MHz,Broad-band measurement,03 22 41.79 -37 12 29.5 (J2000),Flux integrated from map,,Averaged from previously published data
294,408 MHz,259.0,,Jy,4.08E8,259.0,,,,,,Jy,1990PKS90.C...0000W,no uncertainty reported,408   MHz,Broad-band measurement,03 20 42.0 -37 25 00 (B1950),Integrated from scans,,Homogenized from new and previously published data
295,408 MHz,259.0,+/-0.00,Jy,4.08E8,259.0,0.0,0.0,,,+/-0.00E+00,Jy,1981MNRAS.194..693L,rms noise,408        MHz,Broad-band measurement,032048.0 -372309 (B1950),Modelled datum,,From new raw data; Corrected for contaminating sources
296,408 MHz,176.8,+/-27.52,Jy,4.08E8,177.0,27.5,27.5,,,+/-2.75E+01,Jy,1969AuJPA...7....3E,uncertainty,408   MHz,Broad-band measurement,032042.00 -372500.0 (B1950),Not reported in paper,From Kuhr catalog (1981A&AS...45..367K),Transformed from previously published data
297,145 MHz (PAPER),123.9,,Jy,1.45E8,124.0,,,,,,Jy,2011ApJ...734L..34J,no uncertainty reported,145 MHz,Broad-band measurement,50.45 -37.26 (J2000),Flux integrated from map,,From new raw data
